"No.","Image file","Caption / product details","Image width","Image height","SHA-256"
"1","images/0001-2500.jpg","2500
5:25 PM","500","500","96577b65e8ef97c6b30582452b153496dc2b5bbb4238020e01c935e175b26863"
"2","images/0002-Restocked-3-pc-Plain-Curtains-with-Sheer.jpg","Restocked 3 pc Plain  Curtains with Sheer

 2 Curtains 1.5 m each

1 Sheer-3 m

Height-2.5m

 Available in  Code 1,2,3,4,5,6,7,8

Offer price@ksh.2500
5:26 PM","1600","1600","a8e38e168fbacee0f564d0b15523ecb20cc7e0cff191faba4b2e9719055e6fb0"
"3","images/0003-2500.jpg","2500
5:25 PM","497","495","a9e4923e8e60ddfa18256ac6d0e1acb16e9eb828aa9f2280b17bf6ae28c66eac"
"4","images/0004-Plain-curtains-2500.jpg","Plain curtains 2500
5:25 PM","540","549","e8023a27bfbb23bc7ba0c5d7d98490cee1447577e587db0d12bd8be8f91df2c9"
"5","images/0005-New-19-pc-Silicon-spoons.jpg","New 19 pc Silicon spoons

@2,500ksh
6:23 PM","960","1280","200956759221d821fbcdd5864efe82225c19317521104f9717b61922b841467f"
"6","images/0006-New-in.jpg","New in

Eurochef 2 in 1 blender

650 watts

1.8L jug

12  months warranty

Perfect excellent quality

*Offer Price @ 2000

Available at the shop
5:47 PM","1200","1600","afdf81122e1b2d69cb0bd675489083cfebe92b65e36ad3ea1dbbef45aedd48be"
"7","images/0007-Restocked-90l-fridge.jpg","Restocked..90l fridge

15000
12:42 PM","1600","1423","3b650cb576eaf5e60f023022c085e66d4ffb29ed79f7536a3bcabdf411f88ef0"
"8","images/0008-New-arrivals-Smartpro-6L-AIRFRYER-fully-restocked.jpg","New arrivals Smartpro 6L AIRFRYER fully restocked

Quality on point

Wholesale offer price @ 5500 ksh
12:40 PM","1200","1600","c976e1c72e3e7626bc9b6a50c14e3353b888c14f3921d4c0c09ab923bd6047de"
"9","images/0009-New-in.jpg","New in

Set of 4 Linex Hotpots

Offer Price *ksh.4500

 CAPACITIES

•1000ml

•1500ml

•2500ml

•3500ml

Available at the shop
12:42 PM","1536","1177","f596f1f2e5f8f968abf84394a4c50dc15e2a6119e23386081b17202861c91cab"
"10","images/0010-3pc-set-Ceramic-serving-dishes-with-glass-cover.jpg","3pc set Ceramic serving dishes with glass cover

Capacity 3ltrs, 2ltrs &1.5ltrs

This ceramic serving dishes can be used as serving dishes for prep, salad, pasta, soup, and small mixing bowls for cake cookie.

Lid keeps food fresh.

Microwave & Dishwasher Safe.

Code:1,2,3,4 available

          Price ksh 2500
12:21 PM","1600","1600","9141afcf7f4ba831d41a5871e97b64183bbe2660b25d79318fbeaffdf0d297fa"
"11","images/0011-New-In.jpg","New In

4PCS DESIRE HOT POT=

Offer Price *@4500

CAPACITY

•1000ml

•1500ml

•2500ml

•3500ml

Available at the shop
12:20 PM","1280","858","b18115ebbbda890712ee4e791a26c5f7bc198647432cdda734c57797599e5292"
"12","images/0012-syinix-ugali-cooker-eco.jpg","syinix ugali cooker eco.

multifunctional food processor.

capable of preparing

ugali

 pounded yam

mokimo

 sweet potatoes

 cassava

it can also

 crush ice

 mince meat

chop vegetables

 blend juice

uji power..(jar capacity 6L)

12+1 months warranty.

*Ksh 8000
12:08 PM","962","1280","29e87bd9a8d5b37e48f0ad49d998e57f5d53c135c1d12c550a68239930a7a086"
"13","images/0013-Restocked-Nina-voice-command-bottom-nunnix-dispenser-12.jpg","Restocked Nina  voice command bottom nunnix dispenser @12000
11:57 AM","1080","1080","1ab63be439fd40fb7c9a45d4007108fd98737a85bf84858447e992bcbcf259d6"
"14","images/0014-Flannel-sherpa-woolen-duvet.jpg","Flannel/sherpa/woolen duvet

Size

6by7

1pc bedsheet

2pcs pillowcases

@4000ksh
11:50 AM","1080","1155","c09ac9901188294cbad50c0408942ebbb3844fcb9531d82222442db9bac77019"
"15","images/0015-Flannel-sherpa-woolen-duvet.jpg","Flannel/sherpa/woolen duvet

Size

6by7

1pc bedsheet

2pcs pillowcases

@4000ksh
11:49 AM","1080","1255","18e8418f509841b650f1284a7777a612a2c081230d9c271fe0215d58f296685a"
"16","images/0016-Flannel-sherpa-woolen-duvet.jpg","Flannel/sherpa/woolen duvet

Size

6by7

1pc bedsheet

2pcs pillowcases

@4000ksh
11:49 AM","1080","1338","8ab5a5cb1db44adf2aa0ce5d8e30caf7d78a0faec021877e179fc337a65aadaa"
"17","images/0017-King-size-Fitted-bedsheets.jpg","King size Fitted bedsheets.

1 pc fitted bedsheet

1 pc flat bedsheet

4 pcs pillow cases

cotton

@2500

 Now available in white only
11:47 AM","1080","1168","2d78cf40a3e97d21e1f1d1884a617fd9fab9998d01b1d48c1fb3a1a4de90532d"
"18","images/0018-60-60.jpg","60*60

3+1

With electric oven

@20000
11:46 AM","960","1280","6ba3e58b04b2d66f0528781d979846531041ff13d3bc5fa75ae6cc717909161e"
"19","images/0019-50-55.jpg","50*55

3+1

Electric oven

@16000
11:44 AM","960","1280","2690ff312c2875ef6b0d552cb0313411d6a99c82356f0b2a8061f8146c019f3a"
"20","images/0020-NEW-ALL-BLACK-18-pc-COMBO.jpg","NEW ALL BLACK 18 pc COMBO

18 pcs dinner set

6pcs All Black 11"" Square dinner plate

6pcs  All Black 10.5"" Round  plate

6pcs Black Mugs (Cups)

Offer Price *Ksh 3500

Available at the shop
11:43 AM","1280","960","122293334ba7090385a5c3c7d54876c62120d1d01b32e6eb9720105c85640887"
"21","images/0021-Price-Drop.jpg","Price Drop

Heavy Duty 3 layer dishrack black price drop@3000

.                                                              Available at the Shop
11:42 AM","1178","1600","cc1581ce3e850e1cac7813558c1e0115eaba50c1a11aa76d80f2f2e420366bf4"
"22","images/0022-New-in.jpg","New in

 American carpets

Quality exceeds hd carpet and 3d carpet.

Size  5*8

Rubber bottom

Available in 3 colors:

Cream

Beige

Grey

Offer Price *size 5*8 4000

Available at the shop
11:41 AM","530","742","d00865f07ac70ab584739db4ec361845dc258f626dc1ded25b8786882c7aa5a4"
"23","images/0023-New-19-pc-Silicon-spoons.jpg","New 19 pc Silicon spoons

@2,500ksh
11:40 AM","960","1280","0164e06b96a30afb07f1308879085ff753e7cd7a9583643f315580e3ad52ee1f"
"24","images/0024-Restocked.jpg","Restocked

White  stripped Duvet

Set comes with;

One Duvet.

One Bedsheet.

Two Pillow Cases.

Size 6by6 - 2500
11:39 AM","960","960","ea74e8f49835ae6698a2106360eecc3ccad78acf5e69839dd85694358dab26f4"
"25","images/0025-Restocked.jpg","Restocked

Soft Cotton Fitted Bedsheets

Comprises of:

1 flat bedsheet

 1 fitted bedsheet ( Yes Ile inakaa iko na bladder)

4 pillow cases.

Size is 7by8.

All Codes Available

 Offer Price is ksh.2000

Available at the shop
10:44 PM","1280","1280","d08e03fe9e09a799aa5e3e1f9b7d8065b3b29671c1773400ed6c11e0bd0232b7"
"26","images/0026-can-used-to-cook-tea-coffee.jpg","can used to cook tea,coffee

1.6ltrs

 unique design

Available now at our shop

Ksh1500
6:16 PM","923","840","25438a83cdbf7a714c416e8d51c2c449471eb618e0c8c106053c9167e3d5338b"
"27","images/0027-1500.jpg","1500
6:14 PM","415","617","9995a30715bf7f37e479bf2ddf7ea3d0e455c2c7dca9fcccc579d87f37b9cdd3"
"28","images/0028-4-Tier-Adjustable-Telescopic-Multi-Corner-Shelf-Organis.jpg","4 Tier Adjustable Telescopic Multi-Corner Shelf Organiser

 Price 1600

-The height of each tray can be adjusted freely by rubber ring.

-Rust proof stainless steel and eco-friendly PP plastic.

-Telescopic design and two using ranges can meet more size requirements.

-Corner design; make full use of spare space.

-Upright stand design, no tools, no drilling needed for assembling.
4:53 PM","800","800","04834529cdd87735cbde9158441d9fbac7671afb678f169fde82d0c1282ad04b"
"29","images/0029-Ramtons-Pressure-Cooker-with-Stainless-Steel-Pot-8500.jpg","Ramtons Pressure Cooker with Stainless Steel Pot @8500

 _MOTO FIRE OFFER_
4:31 PM","960","1280","9f60a089f36c65175382996cc047f4360838a9eb90891071b27027f4fd790ae5"
"30","images/0030-Marble-tea-urn.jpg","Marble tea urn

9.5 litres

@3000
4:13 PM","1280","1280","792f69d112eb174119dc5b873a28486d187582b768663b8914613a6147a4a88d"
"31","images/0031-New-In.jpg","New In

4pcs Smart Pot Insulated  hotpots @4500-

1500ml

2000ml

3000ml

3500ml

Available at the shop
4:12 PM","438","924","03fdf1ffd3968a0a13d8b57ee077329a6681e92357f026842bb8a1d69d4bcad6"
"32","images/0032-Silver-24pc-cutlery-set.jpg","Silver 24pc cutlery set

@1,600ksh
4:11 PM","600","600","f13df421a114f7743309ca47b1ac0f1e507324070bebd41082619880dcef0648"
"33","images/0033-500ml-unbreakable-flask.jpg","500ml unbreakable flask

@900ksh
4:10 PM","1058","1348","3673e79a084b81957d3dbc61cfcc4440c246b74dcaab3ec48a808560f6d8210d"
"34","images/0034-Ailyons-Airfryer.jpg","Ailyons Airfryer

Capacity: 5l

@4000ksh
4:10 PM","687","1280","e11fc1169f8a27963f7f79d234d15ae93e8fb8bdfdd861598687a3c11bf358f3"
"35","images/0035-10-5-shiny-black-Square-shape.jpg","10 .5"" shiny black Square shape!!

 Color: as pic

 use: dinner plate

 OfferPrice: ksh  1500ksh/set
4:09 PM","1280","1280","1e6d4d597306c8c88ed71e357d81724b1a00ac7d7e5b855cbaf91afc98168aa3"
"36","images/0036-Black-dinner-plate.jpg","Black dinner plate

 Capacity: bowl 10.5""

 Material: ceramic

 Contains: 6 plates

 Price: ksh.1500.                       Available at the shop
4:08 PM","720","913","3ef6d4769f40acfb619af129519bbf452ace5e206b1d639f3b38c3d1979854e4"
"37","images/0037-Ailyons-sound-bar.jpg","Ailyons sound bar

@5500ksh
7:33 PM","1080","1253","cb2c02c25ae250aeba501126b5bcf29e799d3240cfb1d735717a56032298b6b6"
"38","images/0038-MIKA-MICROWAVE-OVEN-GRILL-20LTR-With-1000W-Grill-Silver.jpg","MIKA MICROWAVE OVEN GRILL 20LTR With 1000W Grill Silver @10500
7:31 PM","810","1280","f8e931f03e9a61fb498dd98bb9f2d8b14bfefb359214c949825f93535f9c9232"
"39","images/0039-24pc-dinner-set.jpg","24pc dinner set

Mate black

ksh.5500
7:24 PM","1134","1083","f3fca4e32f8951e7e6e7952b567db3cda39dd8369f41a9ee38bd318b5952bcf4"
"40","images/0040-4PCS-CLASSIC-INSULATED-HOTPOT.jpg","4PCS CLASSIC INSULATED HOTPOT

@ 5000

Capacity: 1500ml

                  2500ml

                  3000ml

                  3500ml

Glass lid
7:21 PM","1080","1157","7b666294dbd74617895f183836eb40a582e9336893782e5d45a97665f354752d"
"41","images/0041-9PCS-GRANITE-COATING-KITCHEN-COOKWARE-SET.jpg","9PCS GRANITE COATING KITCHEN COOKWARE SET

Brand NSFE

9PCS includes:

20cm casserole

24cm casserole

28cm casserole

32cm casserole

plus deep frypan with handle

PLUS GLASS LIDS with GOLD rim

Colours

CREAM WHITE , GREEN & BLACK

Ksh 11000
6:48 PM","1080","1080","15be1eb9f33fc112ddaa15bd09a3b3987205c74dea3e68925976768bcbd6ba2c"
"42","images/0042-New-in-2-in-1-Ailyons-Blender.jpg","New in .                                               2 in 1 Ailyons Blender

 Price  drop ksh 2500

1.8ltr Jug Capacity

350 Watts

Black Available

Model(TYB-201-A)
2:10 PM","960","1280","d4ad7a4dea014527cc149b94c3063be56d1174c9137b97039a608eaa7c303163"
"43","images/0043-Curtains-with-heavy-duty-shears.jpg","Curtains with heavy duty shears

3meters curtain

2.5 shears

@3500

Pre order
2:09 PM","848","1600","cd1a8ca47e70be6cab19abfce690a03d330595a5d3d497d3b7d804ed53e933af"
"44","images/0044-4-stand-net-rail-mosquito-net.jpg","4 stand net rail mosquito net

 Colour pink, purple, cream,white

Sizes 4×6,5×6 $6×6

@2000/-
2:07 PM","719","715","794b5016100040c881837b63291f800930cdfc54576bd56602bc28551a041aa1"
"45","images/0045-JTC-801-Mtungi-Comes-with-1-Microphone-8000.jpg","*JTC 801 Mtungi Comes with 1 Microphone @8000
2:06 PM","1500","1500","b20ccca2c4c19b2f69dfd387ad78e6c3317a7b57cca4e8d0b43fd2656ce783c8"
"46","images/0046-7-10.jpg","7*10

4500
2:03 PM","705","648","24279fdd5346d21acf365d4b8339f6dda00664767d6dea6badc44a9374af08bd"
"47","images/0047-SAMSUNG-SCL-FREE-STANDING-COOKER-SCL-FC9642WSI-65-500.jpg","SAMSUNG SCL FREE-STANDING COOKER: SCL-FC9642WSI @65,500

 FEATURES

°90X60CM

° WIDE MULTIFUNCTION ELECTRIC OVEN WITH TOP

AND BOTTOM HEATING + GRILL + TURBO FAN  WITH

EXTRA CIRCULAR HEATING ELEMENT

°4 GAS PLUS 2 ELECTRIC HOT PLATE (1 x RAPID HOT

PLATE)

° CAST IRON PAN SUPPORTS

° AUTO INTEGRATED IGNITION

°FLAME FAILURE SAFETY DEVICES

° MECHANICAL TIMER

°EASY FIX WIRE RACK ON OVEN CAVITY

° ROTISSERIE

°GLASS LID

°SEMI INOX

° ONE YEAR WARRANTY
2:05 PM","1280","960","46a1b473cbbe1bdc4344509107049d6183310c70ce6fa3a5b927ce2a61f9696f"
"48","images/0048-7-10.jpg","7*10

4500
2:03 PM","704","698","2b650cc2415c63d888faf16b662bb48d7b29cae8a66bf2a835752da44c00f8a1"
"49","images/0049-7-10.jpg","7*10

4500
2:03 PM","699","697","3f3a01b0d3546a3dc16abd356105550b2232d9c087ee47d2522125c25afe11a1"
"50","images/0050-Elegant-European-Porcelain-Dinner-set.jpg","Elegant  European Porcelain Dinner set

32pcs Dinner set

6pcs dinner plates 10'inch

6pcs side plate 8' inch

6pcs soup bowls 6' inch

6pcs mugs 220ml

6pcs cup saucers

Platter ×2 (Rectangular)

*ksh.9000
12:53 PM","720","1280","b12055203be6a9a7d745d9f01a365877a1e205819e47e976d3d6c56b32efce01"
"51","images/0051-4PCS-CLASSIC-INSULATED-HOTPOT.jpg","4PCS CLASSIC INSULATED HOTPOT

Capacity: 1500ml

                  2500ml

                  3000ml

                  3500ml

Glass lid5000
9:57 AM","1441","1315","53b4a2512acdf64ad8a3e13d46825272416ffcd1c9fb4212656d8ae55408cb77"
"52","images/0052-In-stock.jpg","In stock

@700 per piece
9:55 AM","1024","1024","580ed66c1ffdb6feb5834bb0492e61f6a3ee9838b1a67a148c00be85180020e0"
"53","images/0053-Electric-steam-iron.jpg","Electric steam iron

@1,500ksh
9:56 AM","1600","1200","0e3f04b36b305475497fec9c456f4cb8052fa23d89d1436a95150688eb021907"
"54","images/0054-Ailyons-16-Stand-Fan-Round-base-2500-New-Model.jpg","*Ailyons 16"" Stand Fan, Round base @2500 New Model

Available at the shop
9:54 AM","1500","1500","bb69c78ca4625ba92d43b5379cde753d27ba9a4a3f388dfbf950432202fbe29e"
"55","images/0055-Bosch-and-Dessini-Electric-pressure-cooker.jpg","Bosch and Dessini Electric pressure cooker

6 litres

1000w

Ksh 5000
9:52 AM","640","640","e298c8f8e1ae67dbb3de55645691c828fd04f7d2830a455e0d25a706245307f5"
"56","images/0056-New-arrival.jpg","New arrival

6pcs glasses + 1 jug

@1,500ksh
9:52 AM","1361","1156","c808ce7a8ef0da8d12b2c471ec20cd7ae8196157bb98d5117ad716a72135c089"
"57","images/0057-2l-Icona-stainless-water-kettle.jpg","2l Icona stainless water kettle

1200
9:51 AM","1280","1265","d9230ab34ae977e0f96d8ee5dc0de9403d4f4cf173fc6eb3145fb448ee9e8494"
"58","images/0058-1-8-l-ailyons-kettle.jpg","1.8 l ailyons kettle

@1,500ksh
9:50 AM","826","651","a9374878b28ec4c7ed212648407ef0b9b746509a3894174b1577294cecda478e"
"59","images/0059-New-in.jpg","New in

Raf Table Top Cooker 4gasBurner

*Offer Price:kshs.3800

Available at the shop
9:49 AM","1200","1600","c36c167b2878685ca3becbc57ee73952847a17b60d5890aa84955ee2e0819f92"
"60","images/0060-Oxford-school-bags.jpg","Oxford school bags

Suitable for play group_ grade 2

@1,500ksh
9:48 AM","1200","1600","bddf2de5dd39c474d69be6c3a578ccdc49d9f2d8ddfac0c47e67f6979671c59a"
"61","images/0061-Oxford-school-bags.jpg","Oxford school bags

Suitable for play group_ grade 2

@1500ksh
9:48 AM","1200","1600","09d09f11f61c3460b4460aa7f93cbe2824bcc4954ff83fe4379f082b57bdd4a9"
"62","images/0062-Restocked.jpg","Restocked

Soft Cotton Fitted Bedsheets

Comprises of:

1 flat bedsheet

 1 fitted bedsheet ( Yes Ile inakaa iko na bludder)

4 pillow cases.

Size is 7by8.

All Codes Available

 Offer Price is ksh.1700*(1,2,3,6,7,8,9,10)*
9:47 AM","1600","1600","919582c51a30318ce3e9ff04f75ca253841ed18abc7336d44d471dbb209bfc6c"
"63","images/0063-RESTOCKED.jpg","RESTOCKED

 Original Tornado (TC) Cookware Set Sufuria with Free( 2 pcs Plastic service Spoons and 1 Scotch )

Colour :silver

14pcs (7lids+7pots) Silver

Pot sizes (16/18/20/22/24/26/28cm).

 Price Price: ksh. *6000 *

 (Available At the Shop).
9:45 AM","1204","1600","fcedab58f7be8716021d52f2e86114116beec55e7e1c1a8b666785c4d563a4e7"
"64","images/0064-RESTOCKED.jpg","RESTOCKED

 1.6ltr breakable thermo flask

 Color: as pic

 Price: ksh  1000ksh
9:43 AM","1080","721","ec015b2c8148d0ca4ef1344e6635aea9e7191936adfbec0dc44377b7a130dfec"
"65","images/0065-New-arrival.jpg","New arrival

6pcs glasses + 1 jug

@1600ksh
9:42 AM","1080","1089","1ff24c3788392caba1beef95182a877594956249078303279da46a1ee123eb54"
"66","images/0066-2ltr-coffee-pot.jpg","2ltr coffee pot

 @ksh 1300
9:41 AM","1173","752","4fa27318c81113fe49819f6d110760b841b8ffa14fb79c7b5425490a7470e1f7"
"67","images/0067-24pc-Cutlery-set.jpg","24pc Cutlery set

Contains; 6 knives,6 folks,6 table spoons & 6 tea spoons

@1,500ksh
9:40 AM","960","1280","96e125cb7dfdb0fbf97a0afb0ad0122fa7e5f11f096792ad83be88181db4a715"
"68","images/0068-Restocked-bottom-load-dispenser.jpg","Restocked  bottom load dispenser

Hot and normal @8500ksh

Hot and cold  @9500ksh
10:29 PM","1080","1426","5782363fbd6b98d65c83e487a9bedd9b3455d6fa8e3414a808c9199b487d2812"
"69","images/0069-Hot-deal.jpg","Hot deal

Tukisema  Crazy Offers

Electromate 3 gas + 1  Electric Standing Cooker Now available

Has a rapid hot plate

Offer Price@16500

Available at the shop
10:24 PM","960","1280","c803ec8b2b00238cf184f350d9651cbfab07d73260e04b574b992de0f42b40b9"
"70","images/0070-9500.jpg","9500
9:07 PM","1014","1024","b5398a5d6c8442f87d01f7c30e3d03d05d4b45706f0302cd5b9f6aa2b02bf9d1"
"71","images/0071-Multipurpose-5pcs-set-Rectangular-and-corner-Shower-cad.jpg","Multipurpose 5pcs set Rectangular and corner Shower caddy shelf/5in1 bathroom shelfs Wall organizer

Rustproof

No drilling

Incresed load capacity adhesives

 Suitable for smooth flat walls ,eg tiles,Smooth marble,Smooth wood panels ,Smooth metal ,glass

*Available @2000
8:58 PM","800","800","3e52b0fc2ca049f4dfa95bc9cadf9027ba443c38af87dc6b21d3894fe8c103b6"
"72","images/0072-Pop-up-Bread-toaster-2-slice.jpg","Pop up Bread toaster, 2 slice

 Ksh. 1800=

Brand: *Sokany

 New Arrival
8:58 PM","569","577","0ab11bb7ffc8cd50cc81015ff413cb3a0f5aa8b37045d87d02e1a1ab59843d90"
"73","images/0073-Sayona-Tallboy.jpg","Sayona Tallboy

3.1 channel

18000watts

Output power 100wtts

Digital remote control

With usb/sd/digital fm/bluetooth/karaoke function

@16000
8:56 PM","1026","1308","7fe91ea1ed14d345daa9da4545d4d00a71a57f0e15313d481c0f4f9f8decfcaa"
"74","images/0074-Sokany-3-in-1-Sandwich-Maker.jpg","Sokany 3 in 1 Sandwich Maker

Selling @3500=

Unbeatable Offers
8:55 PM","1206","1108","26f28a462b85d6beb2e5cf7a25974a16dd21a733a7b9b42aa14eda6e247d87ee"
"75","images/0075-2-in-1-electromate-commercial-blender-silvercrest-model.jpg","*2 in 1 electromate commercial blender (silvercrest model with 1 year warrant) @ 2500
8:54 PM","720","961","980580822e5a5f29e06d31a1837b435580e8f1961c452559ed5796ab55b6b924"
"76","images/0076-New-in.jpg","New in

Pot-like Beautiful mug

 Capacity: 470ml

 Material: ceramic

 Contains: 6 cups

 Price: ksh. 1600

Available at the shop
8:46 PM","1107","1114","7e4e3b545307b11636945ff90286c111a5fedd3d3f8938280e9050a3d229eedf"
"77","images/0077-Gold-zig-zag-Tree-cups-Mugs.jpg","Gold zig zag Tree cups/Mugs

*Now available @ksh1500

Available at the Shop
8:14 PM","652","1156","d847b99f2e483c0284e8e5f79161aa02cd48abf0d9a8b4d5513c50c6b9bc4829"
"78","images/0078-Restocked-3-pc-Plain-Curtains-with-Sheer.jpg","Restocked 3 pc Plain  Curtains with Sheer

 2 Curtains 1.5 m each

1 Sheer-3 m

Height-2.5m

Offer price@ksh.3000
6:57 PM","492","493","a435c78874724e777cd69afce6d8ff0081d33a61f73d87ee6ede0868370701d8"
"79","images/0079-10pc-stainless-cookware.jpg","10pc stainless cookware

@4000ksh
10:59 PM","1080","1316","54df7301e6ca61bb5d249c7f410d7d0cc739cf9a3363827e520d424aa94b0d4b"
"80","images/0080-Electromate-45-ltr-Electric-Oven.jpg","Electromate 45 ltr Electric Oven

@6500ksh
10:26 PM","1090","1527","2383b7d976f98dc5f29a0d0f2c1e1c78b80e514ab1b8fb961f8ee926ac8a115a"
"81","images/0081-4-in-1-Luxurious-unbreakable-Suitcase.jpg","4 in 1 Luxurious unbreakable Suitcase

Zipper closure frame.

360 Easy-glide spinner wheels.

Telescopic handle system locks in multiple levels to adapt.

Compression straps keep clothing neatly packed

Superior quality.

 SIZE 4

Comprises of 4 pcs

 Height 58cm

 Height 56cm

 Height 52cm

 Height 38cm

 Full set Offer Price: ksh.8500

Travel with Class.
10:25 PM","951","1600","a1f9554167f95b72e9e59bb7ea2fecfd6a885e8667e45b00d1d9c999bff3be9c"
"82","images/0082-Black-Ceramic-dinnerset.jpg","Black   Ceramic  dinnerset

HIGHQUALITY MODERNSTYLE dinnerset

UNIQUE textured surface with natural handicraft look

24pcs dinnerset

10.5 plate ....6pcs

       8""plate........6pcs

        5""bowl.....6pcs

        Mug....6pcs

price ksh.9500
12:56 PM","1080","1081","115480892a0c3046b0f51ba383740ad0928d6bf463e09d014ce68d6864eac855"
"83","images/0083-New-in.jpg","New in

12pcs  trendy white dinner sets

~11inch plates 6pcs

~6pcs Bowls

Kindly note plate/cup stand not included

@ SALE KSH:2000
12:55 PM","1264","1600","718709cd56d8ca559e8a97717c1dab76221d7075ed77e8a7a822d485aab93f8c"
"84","images/0084-4PCS-CLASSIC-INSULATED-HOTPOT.jpg","4PCS CLASSIC INSULATED HOTPOT

@ 5000

Capacity: 1500ml

                  2500ml

                  3000ml

                  3500ml

Glass lid
5:40 PM","1086","1448","8ff1a1bfc81afdc65c7a5f3a7290fe19673fa09e9f22920012fad9e6d704381a"
"85","images/0085-Black-3-in-1-water-bottle.jpg","Black 3 in 1 water bottle

Ksh 1000
4:49 PM","1200","1600","69239d465a4c978447c90f7d7ff0ab48720a4810f58b71ea29d3f5e9e7e8eeb1"
"86","images/0086-Electromate-Juicer.jpg","Electromate Juicer

@ 3500

800w

Capacity: 500ml
4:24 PM","1174","770","41454bcee304add03feb99067473e32025929d47778201fd50b78c6a9bcdc56e"
"87","images/0087-Jua-Kali-Chapati-pans.jpg","Jua Kali Chapati pans

 Promotion Price

 Ksh. 1000=
4:12 PM","1280","960","e87abb926afca76ee9a7b69380b7bd612eeba93d2333a0987ea7dedb9a94d4dd"
"88","images/0088-Foldable-Kitchen-Metallic-storage-Rack-with-wheels.jpg","Foldable Kitchen Metallic storage Rack with wheels

5 Tier .... 5000=

Length….71CM

Width…..34CM

Height….160CM

 Offer Price
4:11 PM","1021","1024","86abd1d015c4159435f07744903e136e4113f57600a67e27cbb3c4a1efb9422d"
"89","images/0089-marble-chopping-board.jpg","marble chopping board

 High density for longevity

 Resistance to melting and

 Suitable for chocolate, pastries and dough due to smooth surfaces area

1 pc @ ksh900
1:46 PM","431","573","a8e4dce4934b563605a381c587ed115912035468c01520a8965e7036cbd8d65e"
"90","images/0090-Free-size-Round-Mosquito-Nets-pink-purple-white-cream.jpg","Free size Round Mosquito Nets pink,purple,white,cream

1500
1:25 PM","960","895","3abfcf14bea6b48e618d296f0ac9a7e34fc7b1034f3506e0c476a35680e956d1"
"91","images/0091-Restocked.jpg","Restocked

500ml marble oil jar

Offer Price kshs.700 .

Colours:marble white  and marble black

Available at the shop
1:24 PM","960","1280","aa3f9b77cd52693cf187aa3a96acdf6ec35126680cefe6fb551c94e1a064a01c"
"92","images/0092-Restocked.jpg","Restocked

AILYONS HD-198A Electric Dry Iron Box White & Blue

Price per piece  *1500
1:18 PM","963","1280","4c228bfab62df49498f60e572be670300eddac7560604efa0bd371276a7de2a8"
"93","images/0093-Aluminium-pressure-cooker.jpg","Aluminium pressure cooker

5ltr.....2500ksh

7ltr.....2800ksh

9ltr....3000ksh
1:20 PM","1080","422","b7c5d87c3c97fc7cd60483f0360a717287d87f92813c538b555ee0e0786a8ee7"
"94","images/0094-ULTRA-SMART-WATCH.jpg","ULTRA  SMART WATCH

Offer Price: 2000
1:21 PM","1080","1413","e3a9698654d3bc443133a262a6d04742178c74a0246b3c338a29d1defbd1041b"
"95","images/0095-Electric-water-kettle.jpg","Electric water kettle

 AILYONS

 1.8Litres

  @ksh 1200
1:02 PM","680","581","81409edeb62ec8f8716ffd90157907337567cc98ec334fc92a602aac5326f388"
"96","images/0096-New-arrival.jpg","New arrival

Expandable Simple Cutlery drawer now Available @Ksh 1200/=each wholesale price

Colours;grey
1:00 PM","1080","1080","34cb42c14465ef482e3f55393f5c0b3b58e5dc8973f705d4e618c94eaa85385a"
"97","images/0097-Smartpro-juicer-4-in-1-juicer.jpg","Smartpro juicer 4 in 1 juicer

Has a blender, juicer, chopper and a mill

7025;motor, max 1000W

All glass jar,  1.25l jar

Low noise

*Ksh 5000

Available at the shop
12:59 PM","960","1280","2167f006047dbb34bf532b09fa8c4a9e442de7dec492dda80fba8e66b4f53807"
"98","images/0098-Quality-table-sets.jpg","Quality table sets

 Material: stainless steel.

 Colours: gold.

Consist of:

         6pcs  forks

 *Price kshs 600.

Available at the shop
12:58 PM","1080","1012","f2cc605750a21e161ed9bab09cda53c125472ac3a8720748d15024e0309b1435"
"99","images/0099-2l-stainless-kettle.jpg","2l stainless kettle

@900
12:50 PM","500","500","f7ff414b72051186fd446c661cbcce9cceb31cef42cecca983cbe503152aea5e"
"100","images/0100-Raf-2-in-1-blender.jpg","Raf 2 in 1 blender

@2500
12:49 PM","1200","1600","3581ca225afb69e82f91b576014ad73f3f2c1aeef393fc59b2f6a5ea2aca82ce"
"101","images/0101-RESTOCKED-LARGE-SM-BABY-SCHOOL-BAG.jpg","RESTOCKED LARGE SM BABY SCHOOL BAG

 Type: Back pack

 Material:

 Closure: zipper

 Suitable for grade 2-6(Code 1-4)

 Price: ksh. 1500

Available at the shop
11:54 AM","1600","1600","604140e75a31767334673526cc0f792fca724e4c67a176a3f534b0b3f7187bde"
"102","images/0102-14pc-New-Tornado-cookware.jpg","14pc New Tornado cookware

@5000
11:47 AM","1224","1224","22a4a48b148a3047ff1b8950e4e1c5ac7117b1ede686438eb0faad8749b7afc7"
"103","images/0103-Velvet-Duvet-Set.jpg","Velvet Duvet Set

Size: 6x7

2 pillowcases

1 bedsheet

1 velvet duvet

 Price: *ksh 3500
11:42 AM","720","721","b17729c71ff3b6c05cf2cc035751273fbe4101ff4b77f8c020bc887597506473"
"104","images/0104-32pc-Egg-holder-in-gray.jpg","32pc Egg holder in gray

@1500
11:39 AM","800","800","ffefa291bc45edcddc63c250a5c0c18a680422fbe28af0d37080019d833d0edd"
"105","images/0105-restocked.jpg","restocked

✓ casserole hotpot

✓ 8 sets in a ctn

*@2500
11:39 AM","1065","1280","9eb53fcd2130c972dd73a8d136cc0a11182c32566de90e435649dc24f10ff799"
"106","images/0106-Restocked.jpg","Restocked

Set of 4 Linex Hotpots

Offer Price ksh.4500

 CAPACITIES

•1000ml

•1500ml

•2500ml

•3500ml

Available at the shop
11:34 AM","1536","1177","7632204aa6b735bfdc12a38465f7fe3d472f8b3d1e27234eb141c34e8bc5ac8a"
"107","images/0107-6pcs-Ceramic-plates-1600.jpg","*6pcs Ceramic plates @1600
11:32 AM","964","1117","9f9ff5c898f9f2ff27f0e7a634418c3ac4222bf530e862a8010fc21a31d67856"
"108","images/0108-Single-Portable-Breast-Pump-Electric-Intelligent-Integr.jpg","Single Portable Breast Pump Electric Intelligent Integrated High Suction Breast Pump Breast Milk Postpartum Fortable Painless Silent

@ksh 1800
11:30 AM","1280","1280","8fca16d8b49ac2c465fee268828ed43302246cb721e7b19e0872aa0258073380"
"109","images/0109-6pc-White-Mugs-with-gold-rim.jpg","6pc White  Mugs with gold rim

@ *1200 only.

 Available at the shop
11:21 AM","960","1280","a18120e8710397067227790b47f1bf6d63d569ececb35759bb79a385787c44eb"
"110","images/0110-Soft-Fleece-blanket-restocked.jpg","Soft Fleece blanket restocked

Size : 6*6

1 piece @ *1500

Available at the shop
11:07 AM","960","1280","0a27cd42cb5e267b25ec4b90f08a1c016cba0ac349996ce16a06d6e1d93a40ee"
"111","images/0111-6pc-Wine-glass.jpg","6pc Wine glass

️Price 1500

Capacity: 288ml
Contains: 6 glasses

Available at the shop
11:06 AM","1080","1368","4f76d2a5e3b629feba5987073b568e57e8de8aaf0b902642293fbd8b87afbd87"
"112","images/0112-2-in-1-blender.jpg","2 in 1 blender

@2000
11:05 AM","960","1280","59fc88f65cb1e5ae69e7aa2b4a6d16d2796316d27feb28c09480b9c1abe1cd49"
"113","images/0113-Electromate-5l-airfryer.jpg","Electromate 5l airfryer

@4000ksh
10:46 AM","1199","1600","5252379cd0e0d8873f07b4a63a7af87d37dd2a40a4febbb99fb9f6c82f585c2f"
"114","images/0114-Electromate-commercial-blender.jpg","Electromate commercial blender

@2,500ksh
10:50 AM","1599","1532","c80f86231242cc63e0221769a6fabbd1c4140affb5f0fe2ee4862129f5997ede"
"115","images/0115-NEW-ALL-BLACK-13pc-COMBO.jpg","NEW ALL BLACK 13pc COMBO*

13 pcs dinner set

6pcs All Black 11"" Square dinner plate

6pcs Black Mugs old model(Cups)

2l unbreakable flask

*Ksh 3000

Available at the shop
10:45 AM","1080","859","4d5012baf8219271b7da3a6bab68f869e54076b63c69e91ba15a6f880fc76cb3"
"116","images/0116-10-19-AM.jpg","10:19 AM","963","1280","f1c861e95072885eb120ba812a712f44bc43222d7c010700a8ed5e758d61d9cb"
"117","images/0117-10-19-AM.jpg","10:19 AM","963","1280","3ba0050c17d265703130a9bf48e1efe6baa6b422a9833941eb2f1b07b78c38f2"
"118","images/0118-Flannel-duvet.jpg","Flannel duvet

Size

6by7

1pc bedsheet

2pcs pillowcases

@3500
10:19 AM","287","322","04f6a4d1b661ec9eeb648d78dbf99bf8e03e7e04b0f4295c1c46b35e73e90355"
"119","images/0119-10-19-AM.jpg","10:19 AM","287","323","9b27658c34e420e699eb02c9538343bce43c503b18b1302364288a898be868b4"
"120","images/0120-6pc-floral-blue-dinner-plates.jpg","6pc floral blue dinner plates

Hii nayo usikose kwako

Available at the shop

1500
10:18 AM","979","1280","32e06dbc92612f50257cb65ef09d1f2e427b18a636a68c8bb0c4eb3738ee2021"
"121","images/0121-Offer.jpg","!!Offer

Black rimmed bowls

perfect excellent unmatched bowls

Per set of 6 pcs

*@900

Very limited stock
10:18 AM","893","1280","23598d034841827b5e684040089e147fa33b1cd57de3c01dbd38d05da8957d9d"
"122","images/0122-Von-Electric-Pressure-Cooker-6L-Non-Stick-Pot-9000.jpg","*Von Electric Pressure Cooker 6L Non Stick Pot @9000
10:11 AM","960","1280","79851124af40ad8d266bb203e1c197aeb2425fe0b77768112b90fca29c1fba76"
"123","images/0123-6pcs-10inch-marble-plates-with-gold-line.jpg","6pcs 10inch  marble plates with gold line

Material: Ceramic

@ 2000
10:09 AM","1200","1600","39b181abfd495e4e79706bb52956c882e5ea6f55831bacd71d165daaa5d7fcbf"
"124","images/0124-10-06-AM.jpg","10:06 AM","1000","1000","daf78f9707869168f538a82495eed9f786b7baafb85dfa135fd68ec88f925764"
"125","images/0125-Silver-Plate-stand-available-700-each.jpg","Silver Plate stand available @700 each.

   Available at the Shop
10:08 AM","1200","1600","280716d2af10468519a6c26f0f2657f3f182baef0c43db91e0fd42837aec1bf7"
"126","images/0126-10-06-AM.jpg","10:06 AM","1000","1000","8780d02fb20485b064c98e7e0edd159e4e4a92aacfbaf0e0c2c92826886557c7"
"127","images/0127-10-06-AM.jpg","10:06 AM","1600","1200","17b1e020bc1e3db7f3484a6a281d98dc2865f338edc26d368a5150e0ae9844ae"
"128","images/0128-New-Arrival.jpg","New Arrival

Tufted Duvets are now available

Size: 6×7

Bedsheets: 1pc

Pillowcases: 2pcs

Duvet: 1pc

Price: 4000
10:06 AM","1600","1200","c3443c8a20a30d4f817b39c8165b90e3055d1533b0cd073afd006964e1228886"
"129","images/0129-Smart-Raha-10pc-Cookware-Set.jpg","Smart Raha 10pc Cookware Set

Now  @4500

Granite Material
10:05 AM","1056","735","0156c0f84935ca5b1a159611bbf972f524a91223c078d952bfe3480b854172d8"
"130","images/0130-Hair-remover.jpg","Hair remover

@1000
8:41 PM","1071","1428","dced08bf5131c8263b0b43f31e906fe3777fa381c34d9d7e78a1e1f91de2e91d"
"131","images/0131-Bamboo-lid-serviette-holder-800.jpg","Bamboo lid serviette holder @800

Available in

BLACK AND WHITE
8:39 PM","1080","1080","5ed91d2da05fd9d10e1cbec0f63b1bdc7d495e1d2669bd9c10737840920fc442"
"132","images/0132-Smartpro-90litres-single-door-Fridge-SFR-120-DT-I-15000.jpg","Smartpro 90litres single door Fridge SFR-120-DT-I *@15000
7:14 PM","961","1228","151916404cb5e667b9716fb899bee78f22160f4f98b14f8f379a0fa16e0a4153"
"133","images/0133-New-in.jpg","New in

6pcs bluerimmed cups

@ksh 1000️
7:12 PM","960","1280","defdaa7b20aab30f03817162fb56ee9508200f0d0b301dd3314c32bb686b983c"
"134","images/0134-Syinix-Fridge-Double-Door-137Litres-3Stars-28-000.jpg","Syinix Fridge Double Door 137Litres 3Stars  @ 28,000
6:56 PM","960","1280","9883ee4ddc03e470af45a13c1b9de57bb50c16dc807a6885f27c3ddb5a06e383"
"135","images/0135-Mika-Fridge-197L-43-000.jpg","Mika Fridge 197L @43,000

Now Available
6:55 PM","960","1280","c837b3bb441204902ce69434276d524d26c4c953cb917905205997619bb8f8cf"
"136","images/0136-japanese-rimless-plate-ksh-1800.jpg","️  japanese rimless plate @ksh 1800
6:53 PM","924","1170","8b9f8dc894321a9911da8aac007cbe5e8c012a4e3644a3ffa2d422e3793cfc5c"
"137","images/0137-197-litres-No-Frost-Von-Fridge-TMF-VRT-197-NRAK-dark-in.jpg","197 litres No Frost Von Fridge TMF VRT - 197 NRAK  ,dark inbox refrigerator @46000
6:52 PM","1200","1600","0dce0d1bf06e2d11410e61fe6dbd98d918233a895a0b1d9c743cc057cab0fa76"
"138","images/0138-New-in.jpg","New in️

Pink cups️

Offer price@ Ksh 1000

Now available️
6:39 PM","960","1280","43a59fc2631fa1cc0835fa5667847479ee8311064fd21c168267e5b84fc56a7a"
"139","images/0139-20l-digital-microwave.jpg","20l digital microwave

@7500
6:46 PM","1580","1600","f56feddb57edac5e2f317f900408b837ba11ac0ae3d3c8a3d6d2eccecd1432b0"
"140","images/0140-New-in.jpg","New in️

Blue cups️

Offer price@ Ksh 1000

Now available️
6:35 PM","960","1280","40c3ee2d7fa0a1834c3c5b6f3999f793a0e74a8bc4888d95d057cd63fad49df9"
"141","images/0141-Pot-like-Beautiful-mug.jpg","Pot-like Beautiful mug

 Capacity: 360ml

 Material: ceramic

 Contains: 6 cups

 Price: ksh. 1500

Available at the shop
6:35 PM","960","1280","542ea2c39edf800b8c2e47bd9d7ad89469c56e56a02516195619f4a013b2e4a9"
"142","images/0142-Signature-Hand-blender.jpg","Signature Hand blender

400W

@3,500
6:33 PM","1461","1600","ac039454f879c9fef6d04396bf1ea706e95174a64df986b5da8dd54b829c8f67"
"143","images/0143-Serviette-Holders.jpg","Serviette Holders

Silver…..@ *500 /=

Gold…….@ *500/=.

Available at the shop
6:33 PM","749","1000","9adec216ecc135c6d15a7720280434eba7c2e3c2b2a828a158b1a2091f9e328f"
"144","images/0144-2-layer-plastic-dish-rack.jpg","2 layer plastic dish rack.

*@1500

Available at the shop
6:21 PM","620","620","fdc42cf1c2119490b3eab2d8bc67e075b6197b888d4352b327197add46aa5877"
"145","images/0145-9PCS-GRANITE-COATING-KITCHEN-COOKWARE-SET.jpg","9PCS GRANITE COATING KITCHEN COOKWARE SET

Brand NSFE

9PCS includes:

20cm casserole

24cm casserole

28cm casserole

32cm casserole

plus deep frypan with handle

PLUS GLASS LIDS with GOLD rim

Colours

CREAM WHITE , GREEN & BLACK

Ksh 11000
6:08 PM","922","1280","62e54f523c267fec179a108e9b2957d8f9e1d01517d06aa7871e309cc2e2821d"
"146","images/0146-High-quality-food-warmers-new-arrival-6000.jpg","High quality food warmers new arrival @6000
6:07 PM","1200","1600","a319511ddfbcc2a9494c4cbb77657496610198bdb549a22e19484546dbb0800a"
"147","images/0147-NEW-IN.jpg","NEW IN

6 PCS HAPPY HOME STAINLESS STEEL HOTPOTS

@ 5000

Capacity: 500ml,1500ml,2500ml,5000ml,7500ml and 10,000ml
6:06 PM","1298","1281","a5409f42df61baf8cb12aa489767e3b8725dbd3e27086c83c4960cb08b2ca4af"
"148","images/0148-Bosch-10pc-Cookware.jpg","Bosch 10pc Cookware_

 Made in Germany

 @7500

Colour :Black

 Promotion Price
6:02 PM","1206","1032","50d96b4888f10a93d7bb28132ded1b65a52d22b9c8edb36fd2645fd10205f70e"
"149","images/0149-Bosch-11pc-Cookware-with-Silicone-lid-covers.jpg","_Bosch 11pc Cookware with Silicone lid covers_

 Made in Germany  Small diamond texture

 *Grey colour …..@7500

 Promotion Price*
6:00 PM","518","715","7a66069f89dd62c00582d5fcb561fff12b3cb887e3edf7491992b90ff0bc6011"
"150","images/0150-Signature-knives.jpg","Signature  knives

Available @ 1500

A set
5:32 PM","960","1280","c4a6ac2be626543553e4284e85f9b52b8c853bdd39fd767fcb13b264dd6c14f2"
"151","images/0151-REDUCED-PRICES.jpg","REDUCED PRICES

8PCS MILTON  PEARL COMBO

@4500

3 pcs hotpots : 1000ml

                            1500ml

                             2500ml

4 PCS tumblers

1 litre flask
2:34 PM","1156","755","f207a3dbfdb5e69722dbab5169181f4ab7ce96e9e452c7f1de47ad9a56ba50c1"
"152","images/0152-REDBERRY-PREMIUM-RANGE.jpg","REDBERRY PREMIUM RANGE

PLASTIC  DESIGNER HOTPOT

 MILTON - PEARL

4pcs set - Size- 500/1000/1500/2500

*Now available @4500
10:20 AM","1226","1280","7b1c6c23633f49c5f90de16a4aa7caf2cca3be7036bfc80c5bdadacf70b5053a"
"153","images/0153-4-pcs-Turkish-hotpot-1000-ml-1500-ml-2500ml-and-3500-ml.jpg","4 pcs Turkish hotpot 1000 ml , 1500 ml 2500ml  and 3500 ml @5000ksh white
9:29 AM","877","1023","52b8afe58da98dd3b7b8356a503b4c0b0ebd3e9240a3ea7845fe7fefd4236aa4"
"154","images/0154-Heavy-Duty-Cup-Holder-Stand.jpg","Heavy Duty Cup Holder,/Stand

Gold @ksh.800

Silver @ksh.800

Available at the shop
9:28 AM","960","1280","72e2a7c6f4703eddbb1b4cb976372c1a7a0c50cd778cb314058e9a62b448a199"
"155","images/0155-Restocked-and-big-offer.jpg","Restocked and big offer

@700
9:26 AM","1600","1600","b112e0895d12fae121b1d47fb137999f4c3754e5540fb02cb2a472eb8acc01bd"
"156","images/0156-Mattress-Protector.jpg","Mattress Protector

 4by6 - ~ksh.2000

Beige

Grey

White

Blue

5*6. Ksh 2500

Beige

Blue

White

Grey

6*6. Ksh 1700

White

Beige

Grey

Blue

AVAILABLE AT THE SHOP
9:25 AM","1600","1600","d57fb46f4b997a403a1d9c72922db1c742e2a76b87fdf9abe436f157e1fe48d4"
"157","images/0157-High-quality-24pc-silver-cutlery-gift-pack.jpg","High quality 24pc silver cutlery gift pack

Contains;

6 tea spoons

6 table spoons

6 butter knives

6 forks

24pcs @2000
9:23 AM","1080","1156","b341be96acb9ce07bf456a8410f2af4af8a42481dd011bd220d8934a4b608101"
"158","images/0158-High-quality-food-warmers-new-arrival-5-500.jpg","High quality food warmers new arrival @5,500
9:20 AM","1200","1600","5c082cd039f7a3acee71ad32df8ee7593b8094e5e4c2dc476b319d1709cb1774"
"159","images/0159-2300.jpg","2300
2:11 AM","960","1280","a00b2411a9e9139fc1e8eabb31f15488a0713d9c5d756fad00aa827a5fea5f93"
"160","images/0160-2300.jpg","2300
2:11 AM","960","1280","8c72a83964fdd910a422c7d39f6635d31b05e8cc2406ce32ea8b15dbead80f3c"
"161","images/0161-9500.jpg","9500
2:11 AM","1576","1600","9a0ecd230ec71523832ae95fc9aebb1d5076b0e4aee9afc4ba17c1457823d657"
"162","images/0162-Water-jug-1-ltr-600.jpg","Water jug 1 ltr 600
2:11 AM","1200","1600","3bc161b64f288b41e5666accea3a06d836cbebe1800dc1a2cae8d751a3d22240"
"163","images/0163-Restocked.jpg","Restocked

*500ml Jamespot flask Offer Price @ksh 700

Available at the shop
2:11 AM","1200","1600","6fcf9b1783ca2ab5ffd0b7b3a3ad8f558a01aca69bc747eaf917a6a58c10c95a"
"164","images/0164-1800.jpg","1800
2:11 AM","720","840","622ceaff551c3c717f3b7d87582f0fc75848a591931631b0a2637f787fdbe0fc"
"165","images/0165-Restocked.jpg","Restocked

High quality HEAVY grip Rubber underside floor  2pcs set  3D kitchen mat  NON SLIP

*now available @ksh 1100= each set *

Size 40*60cm

40*120cm; thickness 4mm

Available at the shop
2:11 AM","1280","1280","3935aa891113310935dd3647d0def23034387e9cdeb5bb74f39f35283f981c64"
"166","images/0166-2200.jpg","2200
2:11 AM","680","680","775deabe82c31a55231abb0bb123b856a087f942e384b1a4846cd6d9a28234f1"
"167","images/0167-6fts-TV-stand-12500.jpg","6fts TV stand @12500

Available on pre order
2:11 AM","900","1600","b32e6d3215879c81b133d88592cab8ad8d1b0f0071552b3f1cca75200f5aa826"
"168","images/0168-Plastic-fruit-rack-1800-ksh-price-drop.jpg","Plastic fruit rack @1800 ksh ..price drop

Available at the shop
2:11 AM","1599","1599","3b0c3c407b24fdf13ef728a82cce3179a1f6bc71fcb995564bb0ee75ac2b1904"
"169","images/0169-Stainless-dishrack.jpg","Stainless dishrack

@1500
2:11 AM","971","979","5855ccba68227d28cebc109868ebff36bb6a48b2c662e2f9fd81d870586fa80f"
"170","images/0170-0ffer-Offer-Offer.jpg","0ffer Offer Offer

Electromate hot and normal water dispenser

Offer Price@ *2500

Available in White
2:09 AM","1200","1600","6a69af25ac8d7f1b28f4d0d83d81682092124322ed63fd9560c1e3876951f5a0"
"171","images/0171-AILYONS-INFRARED-GLASS-TOP-BURNER.jpg","AILYONS INFRARED GLASS TOP BURNER

INFRARED BURNER

 Now available @2500

Back in stock
2:09 AM","1200","1600","b3d28f2b1096146d812bb45f641c20b6962bc7619847c60979676f38821905dc"
"172","images/0172-5x8-fluffy-carpets.jpg","5x8 fluffy carpets

@2000
2:09 AM","341","342","a4389ca3eaa4593885ab981a6d33fef591de59245e4f4b5c79e6470f916204bd"
"173","images/0173-2-09-AM.jpg","2:09 AM
2:09 AM
2:09 AM
+12","294","325","ae8a4d2e65f5f83c1e2544e657525d33959c0616f6859190f97c356f6f8f398e"
"174","images/0174-Unbreakable-flask-800.jpg","Unbreakable flask 800
2:09 AM","899","847","b8bdb860edb8c19283566fcd7f0a7d13a9138412804848eea7cfc40726ddc60f"
